"File","Keyword"
"src\app\developer\settings\page.tsx","BOPA"
"src\lib\whatsapp-messages.ts","landlord"
"src\lib\whatsapp-messages.ts","tenant"
"src\server\constants\audit-events.ts","agent"
"src\server\constants\audit-events.ts","landlord"
"src\server\constants\audit-events.ts","tenant"
"src\server\errors\error-map.ts","landlord"
"src\server\repositories\gateway-payment.repository.ts","landlord"
"src\server\repositories\gateway-payment.repository.ts","tenant"
"src\server\repositories\gateway-payment.repository.ts","Tenuro"
"src\server\services\audit-log.service.ts","agent"
"src\server\services\audit-log.service.ts","landlord"
"src\server\services\audit-log.service.ts","tenant"
"src\server\services\auth.service.ts","agent"
"src\server\services\auth.service.ts","caretaker"
"src\server\services\auth.service.ts","landlord"
"src\server\services\auth.service.ts","tenant"
"src\server\services\gateway-payment.service.ts","tenant"
"src\server\services\paystack.service.ts","agent"
"src\server\services\paystack.service.ts","landlord"
"src\server\services\paystack.service.ts","tenant"
"src\server\services\paystack-verification.service.ts","agent"
"src\server\services\paystack-verification.service.ts","landlord"
"src\server\services\paystack-verification.service.ts","tenant"
"src\server\services\storage.service.ts","rent-receipts"
"src\server\services\storage.service.ts","tenancy-agreement-pdfs"
"src\server\services\storage.service.ts","tenant"
"src\server\services\storage.service.ts","tenant-kyc-documents"
"src\server\types\auth.types.ts","agent"
"src\server\types\auth.types.ts","caretaker"
"src\server\types\auth.types.ts","landlord"
"src\server\types\auth.types.ts","tenant"
"src\server\types\payment.types.ts","landlord"
"src\server\types\payment.types.ts","tenant"
"src\server\types\paystack.types.ts","agent"
"src\server\types\paystack.types.ts","landlord"
"src\server\types\paystack.types.ts","tenant"
"src\server\types\paystack.types.ts","Tenuro"
"src\server\validators\auth.schema.ts","agent"
"src\server\validators\auth.schema.ts","landlord"
